,filename,errors count,good words count,metric,Levenshtein,Letters sum
7,skazki/IMG_20190715_121602.marked.txt,0,59,0,3,360
12,skazki/IMG_20190715_121834.marked.txt,0,56,0,7,344
18,skazki/IMG_20190715_121708.marked.txt,0,53,0,3,347
21,skazki/IMG_20190715_121339.marked.txt,0,52,0,28,305
23,skazki/IMG_20190715_122456.marked.txt,0,52,0,4,320
33,skazki/IMG_20190715_121324.marked.txt,0,47,0,9,298
36,skazki/IMG_20190715_121852.marked.txt,0,47,0,3,286
42,skazki/IMG_20190715_121823.marked.txt,0,46,0,3,279
44,skazki/IMG_20190715_121813.marked.txt,0,46,0,2,271
49,skazki/IMG_20190715_122451.marked.txt,0,45,0,11,295
86,skazki/IMG_20190715_122421.marked.txt,0,37,0,4,229
93,skazki/IMG_20190715_121527.marked.txt,0,35,0,2,239
94,skazki/IMG_20190715_121847.marked.txt,0,35,0,8,219
110,skazki/IMG_20190715_121905.marked.txt,0,33,0,2,214
112,skazki/IMG_20190715_122439.marked.txt,0,33,0,7,219
119,skazki/IMG_20190715_122442.marked.txt,0,31,0,3,216
138,mdd-redmi1/05.marked.txt,0,25,0,1,183
142,chudo_derevo_redmi/IMG_20190715_113041.marked.txt,0,24,0,15,167
146,chudo_derevo_redmi/IMG_20190715_112939.marked.txt,0,23,0,1,152
164,telefon/IMG_20190715_123159.marked.txt,0,20,0,4,132
169,skazki/IMG_20190715_121153.marked.txt,0,18,0,18,113
198,ola/IMG_5373.marked.txt,0,11,0,44,78
209,ola/IMG_5367.marked.txt,0,2,0,23,14
210,ola/IMG_5368.marked.txt,0,2,0,23,14
211,ola/IMG_5372.marked.txt,0,2,0,27,14
10,skazki/IMG_20190715_121948.marked.txt,1,57,0.01724,3,365
15,skazki/IMG_20190715_121915.marked.txt,1,55,0.01786,4,321
24,skazki/IMG_20190715_121953.marked.txt,1,51,0.01923,3,335
25,skazki/IMG_20190715_121229.marked.txt,1,50,0.01961,30,320
26,skazki/IMG_20190715_121735.marked.txt,1,50,0.01961,2,349
31,skazki/IMG_20190715_121513.marked.txt,1,49,0.02,4,291
35,skazki/IMG_20190715_121837.marked.txt,1,47,0.02083,3,297
37,skazki/IMG_20190715_121936.marked.txt,1,47,0.02083,3,322
40,skazki/IMG_20190715_121254.marked.txt,1,46,0.02128,6,291
43,skazki/IMG_20190715_121930.marked.txt,1,46,0.02128,3,296
48,skazki/IMG_20190715_121827.marked.txt,1,45,0.02174,1,275
50,skazki/IMG_20190715_121545.marked.txt,1,44,0.02222,3,295
52,skazki/IMG_20190715_121945.marked.txt,1,44,0.02222,1,282
54,skazki/IMG_20190715_122753.marked.txt,1,43,0.02273,76,267
59,skazki/IMG_20190715_121918.marked.txt,1,42,0.02326,2,284
60,skazki/IMG_20190715_121314.marked.txt,1,42,0.02326,20,256
64,skazki/IMG_20190715_121719.marked.txt,1,41,0.02381,4,296
67,skazki/IMG_20190715_121956.marked.txt,1,41,0.02381,26,287
68,skazki/IMG_20190715_122448.marked.txt,1,41,0.02381,11,264
77,skazki/IMG_20190715_121751.marked.txt,1,39,0.025,2,233
79,skazki/IMG_20190715_121138.marked.txt,1,38,0.02564,11,247
81,skazki/IMG_20190715_121346.marked.txt,1,38,0.02564,10,248
82,mdd_cannon1/07.marked.txt,1,37,0.02632,7,246
84,skazki/IMG_20190715_121530.marked.txt,1,37,0.02632,4,249
100,skazki/IMG_20190715_122742.marked.txt,1,34,0.02857,101,210
103,ola/IMG_5201.marked.txt,1,34,0.02857,5,267
114,mdd-redmi1/08.marked.txt,1,32,0.0303,7,194
116,mdd_cannon1/08.marked.txt,1,32,0.0303,10,194
118,skazki/IMG_20190715_121844.marked.txt,1,31,0.03125,3,184
123,skazki/IMG_20190715_121902.marked.txt,1,31,0.03125,1,205
4,skazki/IMG_20190715_121400.marked.txt,2,59,0.03279,28,354
6,skazki/IMG_20190715_121558.marked.txt,2,59,0.03279,3,359
128,skazki/IMG_20190715_122434.marked.txt,1,29,0.03333,28,194
22,skazki/IMG_20190715_121416.marked.txt,2,52,0.03704,6,325
141,chudo_derevo_redmi/IMG_20190715_113013.marked.txt,1,24,0.04,6,150
144,mdd_cannon1/05.marked.txt,1,24,0.04,3,183
34,skazki/IMG_20190715_121716.marked.txt,2,47,0.04082,14,298
39,skazki/IMG_20190715_121218.marked.txt,2,46,0.04167,29,296
41,skazki/IMG_20190715_121725.marked.txt,2,46,0.04167,3,306
151,chudo_derevo_redmi/IMG_20190715_112953.marked.txt,1,23,0.04167,7,137
45,skazki/IMG_20190715_121237.marked.txt,2,45,0.04255,4,278
46,skazki/IMG_20190715_121307.marked.txt,2,45,0.04255,19,278
53,skazki/IMG_20190715_121810.marked.txt,2,43,0.04444,4,274
55,skazki/IMG_20190715_121317.marked.txt,2,43,0.04444,4,271
156,ola/IMG_5374.marked.txt,1,21,0.04545,4,143
0,skazki/IMG_20190715_121240.marked.txt,3,62,0.04615,12,375
2,skazki/IMG_20190715_121403.marked.txt,3,60,0.04762,9,383
3,skazki/IMG_20190715_121351.marked.txt,3,60,0.04762,31,361
160,mdd-redmi1/04.marked.txt,1,20,0.04762,7,139
161,mdd_cannon1/04.marked.txt,1,20,0.04762,9,139
163,skazki/IMG_20190715_121157.marked.txt,1,20,0.04762,6,133
5,skazki/IMG_20190715_121423.marked.txt,3,59,0.04839,42,361
76,skazki/IMG_20190715_121142.marked.txt,2,39,0.04878,4,259
78,skazki/IMG_20190715_122409.marked.txt,2,39,0.04878,50,239
88,mdd-redmi1/12.marked.txt,2,37,0.05128,16,244
17,skazki/IMG_20190715_121327.marked.txt,3,53,0.05357,40,360
92,mdd_cannon1/06.marked.txt,2,35,0.05405,11,220
104,skazki/IMG_20190715_121215.marked.txt,2,34,0.05556,5,223
105,skazki/IMG_20190715_122431.marked.txt,2,34,0.05556,8,221
172,ola/IMG_5371.marked.txt,1,17,0.05556,10,123
109,skazki/IMG_20190715_121517.marked.txt,2,33,0.05714,15,229
111,skazki/IMG_20190715_122417.marked.txt,2,33,0.05714,33,217
113,mdd_cannon1/12.marked.txt,2,33,0.05714,24,223
28,skazki/IMG_20190715_121226.marked.txt,3,49,0.05769,13,320
179,telefon/IMG_20190715_123522.marked.txt,1,16,0.05882,40,120
124,skazki/IMG_20190715_122516.marked.txt,2,30,0.0625,18,225
125,skazki/IMG_20190715_122904.marked.txt,2,30,0.0625,81,210
182,chudo_derevo_redmi/IMG_20190715_113037.marked.txt,1,15,0.0625,43,103
186,telefon/IMG_20190715_123223.marked.txt,1,15,0.0625,2,98
51,skazki/IMG_20190715_121705.marked.txt,3,44,0.06383,5,316
9,skazki/IMG_20190715_121728.marked.txt,4,58,0.06452,5,383
127,skazki/IMG_20190715_121855.marked.txt,2,29,0.06452,7,201
129,skazki/IMG_20190715_122839.marked.txt,2,29,0.06452,78,200
65,skazki/IMG_20190715_121939.marked.txt,3,41,0.06818,6,286
16,skazki/IMG_20190715_121622.marked.txt,4,54,0.06897,9,361
132,chudo_derevo_redmi/IMG_20190715_113004.marked.txt,2,27,0.06897,5,169
134,chudo_derevo_redmi/IMG_20190715_112947.marked.txt,2,26,0.07143,7,170
89,skazki/IMG_20190715_121205.marked.txt,3,36,0.07692,14,234
143,chudo_derevo_redmi/IMG_20190715_113048.marked.txt,2,24,0.07692,8,187
91,mdd-redmi1/07.marked.txt,3,35,0.07895,4,245
95,skazki/IMG_20190715_122750.marked.txt,3,35,0.07895,20,235
98,skazki/IMG_20190715_121928.marked.txt,3,35,0.07895,10,243
102,skazki/IMG_20190715_122849.marked.txt,3,34,0.08108,53,256
107,mdd-redmi1/06.marked.txt,3,33,0.08333,21,215
108,mdd_cannon1/09.marked.txt,3,33,0.08333,6,228
153,telefon/IMG_20190715_123148.marked.txt,2,22,0.08333,25,159
61,skazki/IMG_20190715_121634.marked.txt,4,42,0.08696,31,299
121,skazki/IMG_20190715_122836.marked.txt,3,31,0.08824,24,230
62,ola/IMG_5200.marked.txt,4,41,0.08889,26,283
63,skazki/IMG_20190715_121433.marked.txt,4,41,0.08889,35,254
126,mdd_cannon1/11.marked.txt,3,30,0.09091,4,250
159,chudo_derevo_redmi/IMG_20190715_112958.marked.txt,2,20,0.09091,15,144
29,skazki/IMG_20190715_121251.marked.txt,5,49,0.09259,57,307
30,skazki/IMG_20190715_122500.marked.txt,5,49,0.09259,18,353
71,skazki/IMG_20190715_121625.marked.txt,4,39,0.09302,1,274
73,skazki/IMG_20190715_122507.marked.txt,4,39,0.09302,18,258
74,skazki/IMG_20190715_122518.marked.txt,4,39,0.09302,44,279
8,skazki/IMG_20190715_121608.marked.txt,6,58,0.09375,22,388
166,skazki/IMG_20190715_122829.marked.txt,2,19,0.09524,60,136
131,mdd_cannon1/10.marked.txt,3,28,0.09677,16,186
85,skazki/IMG_20190715_122232.marked.txt,4,37,0.09756,112,239
87,skazki/IMG_20190715_122854.marked.txt,4,37,0.09756,102,259
170,telefon/IMG_20190715_123331.marked.txt,2,18,0.1,5,143
202,ola/IMG_5369.marked.txt,1,9,0.1,50,73
99,skazki/IMG_20190715_121208.marked.txt,4,34,0.10526,2,242
173,telefon/IMG_20190715_123208.marked.txt,2,17,0.10526,4,129
27,skazki/IMG_20190715_122504.marked.txt,6,50,0.10714,58,340
137,chudo_derevo_redmi/IMG_20190715_113026.marked.txt,3,25,0.10714,9,174
139,mdd-redmi1/10.marked.txt,3,25,0.10714,21,165
115,mdd-redmi1/09.marked.txt,4,32,0.11111,11,225
174,ola/IMG_5365.marked.txt,2,16,0.11111,18,119
175,ola/IMG_5366.marked.txt,2,16,0.11111,21,118
14,skazki/IMG_20190715_121413.marked.txt,7,55,0.1129,27,356
72,skazki/IMG_20190715_121640.marked.txt,5,39,0.11364,4,274
122,skazki/IMG_20190715_122857.marked.txt,4,31,0.11429,109,222
150,telefon/IMG_20190715_123252.marked.txt,3,23,0.11538,15,153
80,skazki/IMG_20190715_121656.marked.txt,5,38,0.11628,3,294
183,telefon/IMG_20190715_123233.marked.txt,2,15,0.11765,6,98
13,skazki/IMG_20190715_121611.marked.txt,8,56,0.125,13,390
187,mdd-redmi1/03.marked.txt,2,14,0.125,3,106
188,mdd_cannon1/03.marked.txt,2,14,0.125,8,105
190,telefon/IMG_20190715_123230.marked.txt,2,14,0.125,57,95
193,telefon/IMG_20190715_123426.marked.txt,2,14,0.125,53,96
66,skazki/IMG_20190715_122405.marked.txt,6,41,0.12766,47,275
69,skazki/IMG_20190715_121653.marked.txt,6,40,0.13043,2,307
157,chudo_derevo_redmi/IMG_20190715_112922.marked.txt,3,20,0.13043,12,130
158,chudo_derevo_redmi/IMG_20190715_112928.marked.txt,3,20,0.13043,2,144
167,telefon/IMG_20190715_123133.marked.txt,3,19,0.13636,16,130
57,skazki/IMG_20190715_121740.marked.txt,7,42,0.14286,14,329
90,skazki/IMG_20190715_121303.marked.txt,6,36,0.14286,28,257
145,telefon/IMG_20190715_123145.marked.txt,4,24,0.14286,9,188
147,chudo_derevo_redmi/IMG_20190715_113010.marked.txt,4,23,0.14815,21,179
149,telefon/IMG_20190715_123137.marked.txt,4,23,0.14815,15,172
75,skazki/IMG_20190715_122909.marked.txt,7,39,0.15217,85,268
199,skazki/IMG_20190715_122928.marked.txt,2,11,0.15385,54,78
178,telefon/IMG_20190715_123324.marked.txt,3,16,0.15789,16,120
155,uploaded/15662143454241346711394.marked.txt,4,21,0.16,108,134
19,skazki/IMG_20190715_121034.marked.txt,10,52,0.16129,7,400
120,skazki/IMG_20190715_122826.marked.txt,6,31,0.16216,70,224
47,skazki/IMG_20190715_121335.marked.txt,9,45,0.16667,25,330
106,skazki/IMG_20190715_122759.marked.txt,7,34,0.17073,77,242
168,chudo_derevo_redmi/IMG_20190715_113023.marked.txt,4,19,0.17391,38,142
58,skazki/IMG_20190715_121747.marked.txt,9,42,0.17647,7,354
189,telefon/IMG_20190715_123123.marked.txt,3,14,0.17647,18,91
171,chudo_derevo_redmi/IMG_20190715_112936.marked.txt,4,18,0.18182,4,135
70,skazki/IMG_20190715_121631.marked.txt,9,40,0.18367,8,312
56,skazki/IMG_20190715_121426.marked.txt,10,43,0.18868,70,320
140,mdd-redmi1/11.marked.txt,6,25,0.19355,31,225
130,skazki/IMG_20190715_122913.marked.txt,7,29,0.19444,126,216
165,telefon/IMG_20190715_123336.marked.txt,5,20,0.2,27,150
177,telefon/IMG_20190715_123258.marked.txt,4,16,0.2,10,128
96,skazki/IMG_20190715_122816.marked.txt,9,35,0.20455,63,270
1,skazki/IMG_20190715_121044.marked.txt,16,60,0.21053,9,548
20,skazki/IMG_20190715_121058.marked.txt,14,52,0.21212,76,407
135,skazki/IMG_20190715_122217.marked.txt,7,26,0.21212,153,204
11,skazki/IMG_20190715_121048.marked.txt,16,56,0.22222,57,464
97,skazki/IMG_20190715_122901.marked.txt,10,35,0.22222,77,292
154,skazki/IMG_20190715_121542.marked.txt,6,21,0.22222,44,177
191,telefon/IMG_20190715_123241.marked.txt,4,14,0.22222,23,107
38,skazki/IMG_20190715_121101.marked.txt,14,46,0.23333,42,446
152,skazki/IMG_20190715_122325.marked.txt,7,22,0.24138,132,168
101,skazki/IMG_20190715_122809.marked.txt,11,34,0.24444,55,261
184,telefon/IMG_20190715_123504.marked.txt,5,15,0.25,53,122
185,skazki/IMG_20190715_122846.marked.txt,5,15,0.25,37,121
117,skazki/IMG_20190715_122819.marked.txt,11,32,0.25581,116,255
176,telefon/IMG_20190715_123156.marked.txt,6,16,0.27273,6,129
180,ola/IMG_5370.marked.txt,6,16,0.27273,6,131
148,skazki/IMG_20190715_122803.marked.txt,9,23,0.28125,69,178
133,skazki/IMG_20190715_122812.marked.txt,11,27,0.28947,123,205
32,skazki/IMG_20190715_121114.marked.txt,20,47,0.29851,47,452
181,telefon/IMG_20190715_123250.marked.txt,7,16,0.30435,25,139
83,skazki/IMG_20190715_121436.marked.txt,17,37,0.31481,87,297
162,skazki/IMG_20190715_121019.marked.txt,10,20,0.33333,14,192
194,telefon/IMG_20190715_123542.marked.txt,7,14,0.33333,66,129
204,chudo_derevo_redmi/IMG_20190715_112912.marked.txt,4,8,0.33333,2,74
136,skazki/IMG_20190715_121643.marked.txt,14,26,0.35,25,232
200,telefon/IMG_20190715_123244.marked.txt,6,11,0.35294,28,116
201,mdd-redmi1/02.marked.txt,6,10,0.375,1,120
196,telefon/IMG_20190715_123303.marked.txt,8,13,0.38095,26,122
206,skazki/IMG_20190715_121011.marked.txt,5,7,0.41667,6,71
203,telefon/IMG_20190715_123443.marked.txt,7,9,0.4375,52,98
192,telefon/IMG_20190715_123312.marked.txt,11,14,0.44,34,158
195,uploaded/IMG_20190731_131541.marked.txt,12,14,0.46154,38,162
205,mdd_cannon1/02.marked.txt,7,8,0.46667,10,109
197,skazki/IMG_20190715_121126.marked.txt,11,12,0.47826,18,167
207,mdd_cannon1/01crop.marked.txt,4,4,0.5,3,67
208,mdd-redmi1/01crop.marked.txt,4,3,0.57143,5,63
